user_k,handle_n,alias_n,bio_x,followers_t,statuses_t,favorites_t,friends_t,listed_t,verified_f,politician_f,media_f,location_x,language_n,timezone_n,created_y,created_s,user_c,russian_troll_f
1,scottgohard,#ezekiel2517?...,"celebrity trainer ?#424w147th? #crossfitcoach #nsca #irepresentintellectualviolence...robinson cano,ice t,missy elliott, #eaglesdontflyinflocks...",1053,31858,2774,1055,35,FALSE,,,still ??block??corner??street,english,,12/29/2009,12/29/2009 23:15,100345056,TRUE
2,beckster319,b e c k s t e r?,rebecca lynn hirschfeld actress.model.writer.amateur race car driver. ~ adorkable,650,6742,7273,896,30,FALSE,,,"chicago, il",english,mountain time (us & canada),2/4/2011,2/4/2011 6:38,247165706,TRUE
3,skatewake1994,chris osborne,,44,843,227,154,1,FALSE,,,,english,,2/9/2011,2/9/2011 7:38,249538861,TRUE
4,kadirovrussia,?????? ???????,"?????????? ???????. ????????? ??, ??? ????????? ?? ????????? ??????????",94773,10877,0,7,691,FALSE,,,,russian,moscow,12/29/2011,12/29/2011 11:31,449689677,TRUE
5,margosavazh,????????? ?????,????? ????. ????? ????? ?? ????.,23305,18401,1480,8021,231,FALSE,,,"?????-?????????, ??????",russian,volgograd,1/23/2012,1/23/2012 10:26,471868887,TRUE
6,darknally,dark nally,uptodate news!!!!,22,22603,0,40,16,FALSE,,,amerika,indonesian,jakarta,12/27/2012,12/27/2012 13:06,1039581360,TRUE
7,lagonehoe,laila heats,how can you judge me when you don’t know me?,3080,2228,3504,2369,12,FALSE,,,usa,english,eastern time (us & canada),6/12/2013,6/12/2013 13:07,1510488662,TRUE
8,youjustctrlc,cc jack,problack | stoner | even jesus was stoned before receiving the throne | #blacktolive | #blacklivesmatter,2760,2100,2744,2700,10,FALSE,,,usa,english,eastern time (us & canada),6/13/2013,6/13/2013 16:07,1513801268,TRUE
9,mrmoraan,mr moran,i'm getting too cool for this social media shiz. that cynical bastard you hate to love.,879,2044,2981,758,15,FALSE,,,"philadelphia, pa",english,eastern time (us & canada),6/14/2013,6/14/2013 21:58,1517678892,TRUE
10,nojonathonno,jonathon norwood,strive not to be a success but rather to be of value #blm #bforlife,789,2002,2170,440,8,FALSE,,,usa,english,eastern time (us & canada),6/15/2013,6/15/2013 8:47,1518857420,TRUE
11,charlesjharper,harper h21,if you don't like me-it's ok,1956,3300,1850,1626,21,FALSE,,,atl,english,eastern time (us & canada),6/20/2013,6/20/2013 4:49,1532863891,TRUE
12,prettylaraplace,lara pretty,bitter clinger #usafvet #nra #2a #bluestarmom #crossfit #christian,1795,3342,3555,1360,24,FALSE,,,usa,english,eastern time (us & canada),6/20/2013,6/20/2013 12:35,1533813962,TRUE
13,bigboyjasiah,jasiah jenkins,visionary..... don't put me in a box.... enigma... unconditional love. i'm the good guy. if u heard otherwise you been lied to,728,1918,2342,393,19,FALSE,,,"chicago, il",english,eastern time (us & canada),7/10/2013,7/10/2013 23:55,1584279696,TRUE
14,jery_robertsyo,jeremy roberts,i think we can all agree that the 3 most powerful words of 2015 were “#blacklivesmatter”,837,1573,1836,898,5,FALSE,,,usa,english,eastern time (us & canada),7/15/2013,7/15/2013 3:34,1594887416,TRUE
15,liljordamn,reuben littlejohn,young nigga just trying to make# also do music#,738,1899,2251,608,16,FALSE,,,usa,english,eastern time (us & canada),7/22/2013,7/22/2013 5:34,1612106972,TRUE
16,paulinett,pauline gunn,"i be trying to chill, i swear do, because i luh god. you'on luh god?#nochill #blacklivesmatter",908,1906,1983,1075,5,FALSE,,,usa,english,eastern time (us & canada),7/24/2013,7/24/2013 14:50,1617939218,TRUE
17,ramonasnails,ramona mcintosh,"mom, global nail artist, consultant, blah,blah, i do more than paint a nail",877,1745,1992,1138,6,FALSE,,,usa,english,eastern time (us & canada),7/25/2013,7/25/2013 14:06,1620474397,TRUE
18,jeffreykahunas,jeffrey kahunas,"honor god & jesus & your parents country, gop, i follow back #tcot #rednationrising #ingodwetrust",1565,2320,1090,1586,18,FALSE,,,,english,pacific time (us & canada),7/26/2013,7/26/2013 15:01,1623180199,TRUE
19,jassscott,jason scott,"bring the drama, playa. give me all you got. make your move. shoot your best shot#blm bitch",674,1818,2004,321,13,FALSE,,,"chicago, il",english,eastern time (us & canada),7/28/2013,7/28/2013 4:54,1627096807,TRUE
20,cannonsher,sherman cannon,education costs money.  but then so does ignorance.,2854,10203,10128,2487,30,FALSE,,,united states,english,eastern time (us & canada),7/28/2013,7/28/2013 11:51,1627699074,TRUE
21,cassishere,lovely cass,fun-loving conservative sharing the truth that liberals can't handle. #tcot,2121,3831,4154,2220,36,FALSE,,,"new york, usa",english,eastern time (us & canada),7/29/2013,7/29/2013 7:59,1629828379,TRUE
22,carriethornthon,carrie,conservative christian momma. political junkie. happily married,2291,3222,3930,2272,23,FALSE,,,alaska,english,eastern time (us & canada),8/5/2013,8/5/2013 5:56,1647045721,TRUE
23,imapharrelfake,anthony nelson,"here to state my point of view, make you laugh and most importanly to stand up for and represent my people #blacklivesmatter",853,1771,2764,1164,16,FALSE,,,united states,english,eastern time (us & canada),8/5/2013,8/5/2013 14:58,1648012021,TRUE
24,westernwindwes,wesley holmes,"stand with god, family, constitution & 2a. on a mission 2save america. libs r blocked#wakeupamerica #tcot #godblessamerica",1519,1232,592,1351,29,FALSE,,,,english,pacific time (us & canada),8/6/2013,8/6/2013 1:49,1649144358,TRUE
25,hiimkhloe,khloe irving,running back and forth forever between grief and high delight | problack | proguns | always on point,909,1935,2026,859,13,FALSE,,,usa,english,eastern time (us & canada),8/6/2013,8/6/2013 5:08,1649487510,TRUE
26,_nickluna_,nick luna,"christian, dad, husband, conservative. trolls muted #tcot #pjnet",1457,2100,2001,1262,21,FALSE,,,united states,english,pacific time (us & canada),8/6/2013,8/6/2013 10:16,1649967228,TRUE
27,ilikebigbuttand,messiah haynes,the only true wisdom is in knowing you know nothing!,2804,5554,3939,2421,27,FALSE,,,united states,english,eastern time (us & canada),8/6/2013,8/6/2013 16:32,1650681522,TRUE
28,staywoke88,thomas lopez,problem solver...,456,1637,1117,551,11,FALSE,,,usa,english,eastern time (us & canada),8/7/2013,8/7/2013 1:19,1651692980,TRUE
29,cynthiamhunter,cynthia mary hunter,christian conservative #proconstitution #2a #prolife #proisrael #cruzcrew #sov #sot #lovefreedom #standunited,429,2759,4532,451,23,FALSE,,,united states,english,eastern time (us & canada),8/7/2013,8/7/2013 1:19,1651693646,TRUE
30,acejinev,bossy bo$$,"very outspoken, but don't take it for anger. xoxo. loving and welcoming to everyone!  #blacklivesmatter #blacktolive",900,1725,1836,806,11,FALSE,,,ny,english,eastern time (us & canada),8/7/2013,8/7/2013 5:22,1652138929,TRUE
31,antonhayhay,anton haynes,white people are the most blood thirsty savages the world has ever seen #blm #icantbreath,671,1936,1849,310,14,FALSE,,,usa,english,eastern time (us & canada),8/7/2013,8/7/2013 6:52,1652262638,TRUE
32,alecmooooody,alec moody,"love and respect all colors of skin. teach respect, responsibility, and strength! #blacklivesmatter  #staywoke",905,3420,3738,530,23,FALSE,,,usa,english,eastern time (us & canada),8/7/2013,8/7/2013 13:58,1652987412,TRUE
33,jaydaastonishin,jayda stone,aquarius. queen bey stan. happily taken. carefree black gyal ?,916,1978,2191,1196,9,FALSE,,,florida,english,eastern time (us & canada),8/7/2013,8/7/2013 17:59,1653553555,TRUE
34,melanymelanin,?m?e?l?a?n?i?n?,,963,2121,2717,915,10,FALSE,,,"st louis, mo",english,eastern time (us & canada),8/8/2013,8/8/2013 11:23,1655194147,TRUE
35,imissobama,nancy campbell,i already miss barack obama in 2k16 smth...,784,2124,2088,478,14,FALSE,,,,english,eastern time (us & canada),8/8/2013,8/8/2013 19:11,1656024374,TRUE
36,jeannemccarthy0,jeanne mccarthy,"conservative domestic goddess devoted to god, family, country, praying daily for #america! #tcot #ccot #repealobamacare.",3242,1999,1863,3420,35,FALSE,,,usa,english,eastern time (us & canada),8/9/2013,8/9/2013 2:18,1656685598,TRUE
37,daileyjadon,jadon dailey,"you only live once, but if you do it right, once is enough",1753,2299,1298,1485,13,FALSE,,,us,english,eastern time (us & canada),8/9/2013,8/9/2013 12:38,1657694515,TRUE
38,adrienne_gg,adrienne,lucky i am)),1822,2083,1010,1548,15,FALSE,,,usa,english,eastern time (us & canada),8/9/2013,8/9/2013 13:55,1657833811,TRUE
39,laurabaeley,laura baeley,liberty's torch bearer and best friend. opinions are my own. getting more conservative by the day because of bearing a torch for liberty!!,1073,1946,1933,1160,14,FALSE,,,united states,english,eastern time (us & canada),8/9/2013,8/9/2013 17:24,1658202894,TRUE
40,baobaeham,bao ham,"when i let go of what i am, i become what i might be.",1032,2004,2420,836,12,FALSE,,,usa,english,eastern time (us & canada),8/9/2013,8/9/2013 19:23,1658420976,TRUE
41,travisrespek,travi$ lane,"'as long as we try, maybe things will change' -pac #blacklivesmatter #prayfortheworld",826,1875,2384,931,12,FALSE,,,usa,english,eastern time (us & canada),8/9/2013,8/9/2013 19:14,1658440730,TRUE
42,usa_gunslinger,,,,,,,,,,,,,,,,4332740714,TRUE
43,blacktolive,,,,,,,,,,,,,,,,4840551713,TRUE
44,crystal1johnson,,,,,,,,,,,,,,,,4437233895,TRUE
45,ten_gop,,,,,,,,,,,,,,,,4224729994,TRUE
46,malloryjared,jared mallory,i`m studing to earn much money in the future and i`m working to earn money for studing...,824,1811,2145,874,17,FALSE,,,ny,english,eastern time (us & canada),8/10/2013,8/10/2013 8:10,1659549972,TRUE
47,ilovesarahrich,sarah richards,just trying to love the life i'm living & the people in itbtw #inwoke #blm #blacktolive,865,1747,2021,974,6,FALSE,,,usa,english,eastern time (us & canada),8/10/2013,8/10/2013 15:28,1660375034,TRUE
48,garrettsimpson_,garret simpson,"conservative, but i like chatting with people of both sides of the political aisle #tcot",1588,2010,1577,1339,25,FALSE,,,usa,english,eastern time (us & canada),8/10/2013,8/10/2013 19:27,1660771422,TRUE
49,kateritterrrr,kate ritter,i am a true conservative and i love my country with all my heart! happily married....,1578,5347,6797,1320,54,FALSE,,,usa,english,eastern time (us & canada),8/11/2013,8/11/2013 0:17,1661246144,TRUE
50,errivvvvers,ernest rivers,you do what you want when you poppin' #thugger ?? #blacklivesmatter #dabbnation still wondering what metro boomin want some more of…,827,1854,2263,864,10,FALSE,,,usa,english,eastern time (us & canada),8/11/2013,8/11/2013 12:32,1662453998,TRUE
51,claudia42kern,claudia,"lots of hobbies, prefer to lay in bed and do nothing ??",2102,2574,1609,1723,20,FALSE,,,usa,english,eastern time (us & canada),8/12/2013,8/12/2013 12:28,1664988493,TRUE
52,eliasbrick,elias briggs,"tenured professor, director of black church studies, minister, activist, womanist theologian, displaced new yorker, lover of words",820,2047,2060,903,6,FALSE,,,"new york, usa",english,eastern time (us & canada),8/12/2013,8/12/2013 15:33,1665377383,TRUE
53,pamblmdaniels,pam daniels,"smart, strong, sensual woman#blacklivesmatter activist",943,2478,2530,549,24,FALSE,,,usa,english,eastern time (us & canada),8/12/2013,8/12/2013 20:50,1666030405,TRUE
54,curtisbigman,curtis burrell,big man!,3143,5510,3721,2896,32,FALSE,,,baltimore,english,eastern time (us & canada),8/13/2013,8/13/2013 17:05,1668307436,TRUE
55,deusxyx,rick shafer,freedom & liberty warrior constitutional conservative. usaf veteran 316/46150 under ronald reagan. levin #1 #israel #pjnet,2694,1703,1021,3191,36,FALSE,,,usa,english,eastern time (us & canada),8/14/2013,8/14/2013 5:02,1669574551,TRUE
56,javonhidp,javon grayson,the best time to plant a tree was 20 years ago. the second best time is now.,841,3479,4438,456,18,FALSE,,,usa,english,eastern time (us & canada),8/14/2013,8/14/2013 10:44,1670149272,TRUE
57,siccerthanyou,alexander massey,"siccer than your average, boi #blm #blacklivesmatter #staywoke #blacktolive",941,2039,2313,854,13,FALSE,,,usa,english,eastern time (us & canada),8/14/2013,8/14/2013 11:53,1670318690,TRUE
58,hyddrox,susan,~reagan conservative ~jesus lover ~pro-israel ~pro-2a ~pro-life ~pro-constitution ~support police & military #renewus #pjnet #tcot #cruzcrew #wakeupamerica,2225,10242,8748,2159,72,FALSE,,,usa,english,eastern time (us & canada),8/14/2013,8/14/2013 19:07,1671234620,TRUE
59,samirgooden,samir gooden,"young (in spirit), gifted and black. proud progressive woman. a man who stands for nothing will fall for anything- malcolm x (my addition) #malcolmx #blm",873,1739,2237,794,11,FALSE,,,usa,english,eastern time (us & canada),8/15/2013,8/15/2013 8:09,1672624255,TRUE
60,gab1aldana,gabriella aldana,? love my life ?,3356,3861,3861,3020,31,FALSE,,,usa,english,eastern time (us & canada),8/15/2013,8/15/2013 21:02,1674083671,TRUE
61,chadsloyer,chad sloyer,i was a good kid. never said i was a good adult. - terrance howard,797,2446,3081,872,11,FALSE,,,usa,english,eastern time (us & canada),8/16/2013,8/16/2013 18:51,1676377446,TRUE
62,emileewaren,emilee waren,•christian•constitutional•capitalist •nra•supporting military•police •wife•mom,1909,2170,1778,1501,23,FALSE,,,usa,english,eastern time (us & canada),8/16/2013,8/16/2013 19:50,1676481360,TRUE
63,gwennythot,gwendolyn lovet,i have too many flaws to be perfect but i have too many blessings to be ungrateful ??,1055,2597,3124,875,16,FALSE,,,"baton rouge, la",english,eastern time (us & canada),8/17/2013,8/17/2013 1:20,1677048979,TRUE
64,ameliebaldwin,amelie baldwin,"wife, mother, patriot, friend",2464,15227,14540,1930,160,FALSE,,,usa,english,eastern time (us & canada),8/17/2013,8/17/2013 22:53,1679279490,TRUE
65,rosieonfleek,rosie wise,"'so, about that' on yt. your woke big sister.#woke #blackandproud #blm",683,1229,1353,637,23,FALSE,,,usa,english,eastern time (us & canada),8/18/2013,8/18/2013 11:56,1680578719,TRUE
66,camosaseko,jerry,enjoy your life and don't interfere in mine,2608,9703,10088,2279,27,FALSE,,,"chicago, il",english,eastern time (us & canada),8/18/2013,8/18/2013 17:12,1681162956,TRUE
67,peytoncashout,peyton cash,"#blackpride. opinions, insights and witticisms are all free! #niggathatcares",770,1576,1964,746,12,FALSE,,,usa,english,eastern time (us & canada),8/19/2013,8/19/2013 5:55,1682444790,TRUE
68,datwisenigga,will wise,"squad goin' up, nobody flippin' packs now#ilovemakonnen4life",904,1844,2393,812,16,FALSE,,,usa,english,eastern time (us & canada),8/20/2013,8/20/2013 0:53,1684524144,TRUE
69,blmsoldier,chase bacon,"#blacklivesmatter future guest on pardon the interruption, around the horn & highly questionable...",696,1889,2129,707,25,FALSE,,,usa,english,eastern time (us & canada),8/20/2013,8/20/2013 7:33,1685173321,TRUE
70,j0hnlarsen,john larsen,"stand 4 conservatism, patriotism & optimism. protect our kids! #wakeupamerica",541,2387,3211,852,21,FALSE,,,america,english,eastern time (us & canada),8/20/2013,8/20/2013 13:02,1685718216,TRUE
71,stanleyparris,stanley parrish,i attribute my success to this: i never gave or took any excuse.,849,1761,1975,1149,9,FALSE,,,usa,english,eastern time (us & canada),8/20/2013,8/20/2013 12:59,1685771767,TRUE
72,archieolivers,archie olivers,"my patriotic heart beats red, white, & blue.just a guy in one of those fly over states! #2a",2569,1854,1006,3396,28,FALSE,,,united states,english,pacific time (us & canada),8/20/2013,8/20/2013 17:49,1686370159,TRUE
73,bleepthepolice,bleep the police,"for a second at least, i'm resurrecting the peace#blacktivist #blacklivesmatter",13196,13727,11083,8071,163,FALSE,,,usa,english,eastern time (us & canada),8/21/2013,8/21/2013 1:49,1687183549,TRUE
74,watchmewalkin,watch jenny walkin',working - music geek + blacker than blackhole,851,2259,2214,547,10,FALSE,,,"georgia, usa",english,pacific time (us & canada),8/21/2013,8/21/2013 13:49,1688370956,TRUE
75,michellearry,michelle arrington,cautiously optimistic conservative. gathering followers one at a time,3229,2433,2157,3290,42,FALSE,,,usa,english,eastern time (us & canada),8/22/2013,8/22/2013 8:41,1690487623,TRUE
76,regieblackmon,reginald blackmon,"i’ve learned that people will forget what you said, people will forget what you did, but people will never forget how you made them feel.",856,1997,2558,931,10,FALSE,,,"los angeles, ca",english,eastern time (us & canada),8/22/2013,8/22/2013 18:06,1691736218,TRUE
77,cornellburchet,cornell burchett,"a world for a few, a few to justice, lands in the hands of a few, few to education, wealth for a few. a world composed of an arrogant elite, perverse and biased",766,1786,2166,720,19,FALSE,,,"los angeles, ca",english,eastern time (us & canada),8/23/2013,8/23/2013 1:00,1692501152,TRUE
78,jacquelinisbest,jackie best,"i love god,my family & politics. conservative. married!#tcot #pjnet",2078,3416,3518,1757,31,FALSE,,,united states,english,eastern time (us & canada),8/23/2013,8/23/2013 14:41,1694026190,TRUE
79,kelvin_chambers,kelvin chambers,"father of twin daughters. conservative republican. interested in world events, politics, and sports. rt= whatever i find interesting",1506,1576,984,1260,32,FALSE,,,united states,english,pacific time (us & canada),8/24/2013,8/24/2013 7:32,1695830984,TRUE
80,randolphburrr,randolph burris,"#freegucciblacktivist, i'm down with #blacklivesmatter and #bronze united we stand",876,1914,2552,917,10,FALSE,,,"texas, usa",english,eastern time (us & canada),8/25/2013,8/25/2013 19:28,1699979024,TRUE
81,pamela_moore13,,,,,,,,,,,,,,,,4272870988,TRUE
82,zzzacharyzzz,zachary freeman,"i work out hard as fuck, bench press and lift as much as i can, so if me and the cops ever get into it… god bless the one that i grab #ftp #acab #blackpower",899,1700,2290,831,14,FALSE,,,"baltimore, md",english,eastern time (us & canada),8/26/2013,8/26/2013 13:25,1701955429,TRUE
83,cookncooks,steven cook,"hi fbi !!! #trump, #trump2016, @realdonaldtrum, #wakeupamerica, #makeamericagreatagain, #socialmedia, #blogger, #pjnet, #ccot, #chicago,, #master, #music,",1468,2188,2447,1454,15,FALSE,,,united states,english,pacific time (us & canada),8/29/2013,8/29/2013 19:45,1710804738,TRUE
84,onemightyfish,one mighty fish,people are just afraid of things too much. afraid of things that don't necessarily merit fear  - franc ocean#blacktolive,698,1718,1978,831,13,FALSE,,,usa,english,eastern time (us & canada),8/31/2013,8/31/2013 9:33,1715190968,TRUE
85,kenzdonovan,mackenzie donovan,const conservative patriot mamma??defending #liberty & #freedom!??luv #fam #friends #dogs & dancing cha-cha-cha!??,536,2300,2609,577,10,FALSE,,,united states,english,eastern time (us & canada),8/31/2013,8/31/2013 11:06,1715424829,TRUE
86,jani_s_jac,jasmin jacobs,"i aint shit now, but bitch i might be ?#freeguwop #blacklivesalwaysmattered",906,2217,2405,575,10,FALSE,,,usa,english,eastern time (us & canada),8/31/2013,8/31/2013 17:14,1716228906,TRUE
87,iiddaamarks,ida marks,an unexamined life is not worth living. –socrates,1080,2194,3051,925,14,FALSE,,,usa,english,eastern time (us & canada),8/31/2013,8/31/2013 19:07,1716561367,TRUE
88,donnabrivera,donna from usa,constitutional conservative #1a #2a #nra #standwithisrael #tcot #ccot #lnyhbt #prolife #supportmilitary #bluelivesmatter #securetheborder #godblessamerica,1623,2341,1772,1552,33,FALSE,,,usa,english,eastern time (us & canada),9/1/2013,9/1/2013 20:02,1720117201,TRUE
89,hunteroddddom,hunter odom,life is 10% what happens to me and 90% of how i react to it. –charles swindoll,2727,2076,2615,2001,24,FALSE,,,usa,english,eastern time (us & canada),9/2/2013,9/2/2013 2:57,1720981580,TRUE
90,melvinsroberts,fluffy melvin,internet junkie #hashtagwars lover!,3169,4874,3562,2658,30,FALSE,,,,english,eastern time (us & canada),9/4/2013,9/4/2013 3:45,1727482238,TRUE
91,mrclydepratt,clyde pratt,"life is a beautiful struggle. seek enlightenment, not hate#blacktolive",914,1978,1996,847,23,FALSE,,,"usa, atlanta",english,eastern time (us & canada),9/7/2013,9/7/2013 19:16,1768259989,TRUE
92,dorothiebell,dorothie,"conservative wife, mother! extremely proud of our veterans!! lets take this once great country back!!!",1893,3069,3166,2315,33,FALSE,,,usa,english,eastern time (us & canada),9/8/2013,9/8/2013 19:08,1833223908,TRUE
93,ogdeandre,deandre gregory,read the mess i tweet & retweet about & you'll have an idea of the kinda person i am?,774,1703,1989,415,11,FALSE,,,"florida, usa",english,eastern time (us & canada),9/12/2013,9/12/2013 9:04,1856828959,TRUE
94,drmichaelgarcia,michael garcia,i make privileged people upset #blacklivesmatter #fistsupafrosout,851,2295,2937,453,11,FALSE,,,us,english,eastern time (us & canada),9/13/2013,9/13/2013 6:39,1859674386,TRUE
95,brianaregland,briana ragland,black is my religion. if you buy me lipstick we go together #allblackeverything #wokeaf,768,2938,3221,415,12,FALSE,,,usa,english,eastern time (us & canada),9/15/2013,9/15/2013 17:11,1868496344,TRUE
96,ryanmaxwell_1,ryan maxwell,"conservative. sports fan. doing what i love, promoting conservatism. #pjnet #tcot #conservative",1839,1853,1102,1990,25,FALSE,,,united states,english,pacific time (us & canada),9/15/2013,9/15/2013 19:45,1868981054,TRUE
97,ravenicholson,raven nicholson,everybody deserves to know they too can be the hero of a story. i’m just a regular guy trying to put those heroes in stories,807,1645,2437,860,10,FALSE,,,nyc,english,eastern time (us & canada),9/28/2013,9/28/2013 17:17,1914760610,TRUE
98,arturburanof,????? ???????,"?????? ???????? ??????? ????? ?????? ? ????????? ??????? ? ???, ????? ??? ?????? ???? ? ?????.",405,1350,615,1628,1,FALSE,,,"??????, ??????",russian,yerevan,12/6/2013,12/6/2013 17:29,2233297178,TRUE
99,boryabuchin,????? ????,"??????, ??? ????? ? ???? ????? ??? ?????? ???????? ???????, ??? ????? ? ??? ??????????!",108,1357,1476,215,1,FALSE,,,"??????, ??????",russian,baku,3/6/2014,3/6/2014 13:29,2388391757,TRUE
100,puddin_leto,?????? ??????,"?? ?????? ? ??????, ? ? ???? ? ??????.",81,1310,2264,85,0,FALSE,,,,russian,moscow,3/12/2014,3/12/2014 7:09,2404145297,TRUE
101,tezaharov,????? ???????,"?????? ???????? ??????? ? ???, ????? ????????? ? ??????????? ??, ?? ??? ???? ???????????? ???? ? ??????????? ?????? ??????????.",2111,586,406,69,0,FALSE,,,"??????, ??????",russian,volgograd,3/16/2014,3/16/2014 16:04,2415525154,TRUE
102,valeyina_dm,????????? ?????????,?????? ????????????? ???? #??????????,2466,1312,354,811,1,FALSE,,,????????,russian,moscow,3/18/2014,3/18/2014 11:53,2419886435,TRUE
103,bogdankravcov,?????????????,?????? ? ????????? - ??? ?????????? ???????? ??? ?????????????.,2741,1619,908,1564,4,FALSE,,,?????-?????????,russian,baku,3/19/2014,3/19/2014 15:33,2422793627,TRUE
104,_sashalapin,??????? ?????,"? ??????? ???? ??????????? ?????...????????? ?????? ????? ??????? ?? ?????? ?????, ?? ? ??????. ?? ??????? ???? ???? ????????? ?????????",2219,1237,345,679,4,FALSE,,,,russian,volgograd,4/12/2014,4/12/2014 9:09,2478383999,TRUE
105,warfareww,warfare worldwide,political & military analyst,23876,2618,247,7481,565,FALSE,,,,english,st. petersburg,4/14/2014,4/14/2014 17:32,2484642526,TRUE
106,wadeharriot,wade harriot,"christian, husband, father, american, conservative, tea party, fisherman, gun owner, engineer, usn vet #bodylife #tcot #tgdn #2a #tpfa #cruzcrew #pjnet",1363,3089,4478,1040,25,FALSE,,,usa,english,eastern time (us & canada),5/12/2014,5/12/2014 7:50,2491081213,TRUE
107,jadonhutchinson,jadon hutchinson,"people often say that motivation doesn’t last. well, neither does bathing. that’s why we recommend it daily.",888,2139,2831,1234,28,FALSE,,,usa,english,eastern time (us & canada),5/13/2014,5/13/2014 13:09,2492948562,TRUE
108,kotovamarys,????? ??????,"?????? ???, ??? ?????????? ???? ????????.",4515,747,990,62,1,FALSE,,,"???????????, ??????",russian,volgograd,5/14/2014,5/14/2014 18:11,2494509505,TRUE
109,dailysanfran,san francisco daily,"follow for san francisco's breaking news, special reports, entertainment and more from @dailysanfran",16812,32546,1,5128,159,FALSE,FALSE,TRUE,"san francisco, ca",english,pacific time (us & canada),5/15/2014,5/15/2014 3:22,2495567768,TRUE
110,interfischer,jake fischer,"i believe in god, bible, country, 2nd amendment rights. i stand by israel, supporter of traditional marriage#rednationrising",1609,1033,494,1828,15,FALSE,,,united states,english,eastern time (us & canada),5/16/2014,5/16/2014 10:36,2498271878,TRUE
111,taisiaavdeeva,?????? ???????,"??????? ? ????????? ???????: ? ???????, ?? ??????? ????? ? ?????? ??? ?? ?????????",2535,937,2168,279,1,FALSE,,,"??????, ??????",russian,volgograd,4/22/2014,4/22/2014 14:33,2501947239,TRUE
112,patriotka_rusi,????? ??????,?????,75,548,631,87,4,FALSE,,,??????,russian,moscow,4/23/2014,4/23/2014 14:33,2504171440,TRUE
113,russilanrogov,?????? ?????,"???? ?????? ?? ??????, ??????? ????? ?? ????????: ? ??? ????????? ????? — ? ?????? ????? ?????? ??????.",4507,657,1644,75,3,FALSE,,,"??????, ??????",russian,volgograd,4/27/2014,4/27/2014 11:14,2512420407,TRUE
114,rusnevrotik,????????,,97,1912,2658,120,1,FALSE,,,,russian,moscow,4/27/2014,4/27/2014 16:34,2512994207,TRUE
115,razvedchica_,?????? ??????????,"?? ??????! ???? ?????, ?????? ????",2360,1135,1261,549,3,FALSE,,,? ?????,russian,volgograd,4/28/2014,4/28/2014 15:37,2514979491,TRUE
116,ponomarevslav,???????? ?????????,,76,490,545,274,2,FALSE,,,"??????, ??????",russian,moscow,5/3/2014,5/3/2014 7:34,2524942055,TRUE
117,viborisova,???????? ????????,"?? ?????? ????? ?????? ???? ?????? ? ????????, ????? ???? ? ??? ?????, ? ????? ????????? ????????????.",2513,594,908,189,0,FALSE,,,"?????????, ??????",russian,volgograd,5/3/2014,5/3/2014 8:41,2525032463,TRUE
118,chernenkonikola,??????? ????????,"??????????, ??? ?? ?? ?? ???, ???????????? ?? ??????, ? ?????.",2233,1243,427,243,2,FALSE,,,??????,russian,volgograd,5/4/2014,5/4/2014 8:18,2527537955,TRUE
119,romanagafonovv,????? ????????,"???????, ? ??? ? ???? ????? ????????!",2452,835,393,379,1,FALSE,,,"??????, ??????",russian,moscow,5/4/2014,5/4/2014 10:31,2527804618,TRUE
120,stepansazono,?????? ???????,"?????? ???????? ?????????? ?????, ??? ??????? ?????? ??????!",2204,529,759,202,2,FALSE,,,?????,russian,volgograd,5/4/2014,5/4/2014 12:03,2527983201,TRUE
121,vasilichvasili,???????,"?????? ?????? ?? ???????, ??? ??????? ???????, ??? ? ??? ?????? ??????? ???????????.",2495,938,442,192,2,FALSE,,,??????,russian,volgograd,5/4/2014,5/4/2014 14:12,2528245959,TRUE
122,erofeenkoanton,????? ?????????,"??????????? ?????? ?? ??????! ???? ???? ????, ??????? ?? ??????? ?? ???????!",2189,701,419,252,1,FALSE,,,moscow,russian,volgograd,5/4/2014,5/4/2014 14:30,2528293132,TRUE
123,aleksey_sokol_,??????? ???????,"???? ??? ?????? ??????, , ???. ???????????? ???? ?? ???????",337,2669,2853,1702,4,FALSE,,,??????,russian,yerevan,5/5/2014,5/5/2014 9:35,2530603456,TRUE
124,traceyhappymom,tracy brooks,"great thoughts speak only to the thoughtful mind, but great actions speak to all mankind.",3696,4655,3778,3353,21,FALSE,,,"washington, dc",english,eastern time (us & canada),5/5/2014,5/5/2014 14:13,2531159968,TRUE
125,bruciedublin,bruce dublin,,2161,2995,1854,1807,23,FALSE,,,usa,english,eastern time (us & canada),5/29/2014,5/29/2014 12:43,2532597577,TRUE
126,kathiemrr,kathie,"imperfection is beauty, madness is genius and it's better to be absolutely ridiculous than absolutely boring",2970,4267,2094,3157,22,FALSE,,,atlanta,english,eastern time (us & canada),5/29/2014,5/29/2014 12:50,2532611755,TRUE
127,jasper_fly,jasper flynn,#hashtagwarrior and your mom knows it!,1957,3379,2416,1782,15,FALSE,,,usa,english,eastern time (us & canada),5/29/2014,5/29/2014 16:57,2533001646,TRUE
128,evagreen69,eva green,"god comes 1st. my daughters, & my husband retired navy vet, are the center of my world.. serving the lord for the rest of my life. trump 2016!",2668,1831,1325,2884,46,FALSE,,,usa,english,eastern time (us & canada),5/29/2014,5/29/2014 23:40,2533653547,TRUE
129,romangorolov,????? ???????,??????? ? ??????????????? ???????????? ?????? ?????????????? ????. ???? ?????? ??????? ???????,2452,1080,876,119,2,FALSE,,,????,russian,moscow,5/7/2014,5/7/2014 14:14,2533984805,TRUE
130,6druz,f.r.i.e.n.d.s,"???? ? ????? ????? ?? ????? ?????????, ?? ???? ????? ??????????-????????????, ??????? ???????? ?? ??????????????? ???????, ???? ????, ??? ??? ????.",70,2024,2751,11,0,FALSE,,,,russian,moscow,5/8/2014,5/8/2014 9:32,2534875924,TRUE
131,paolakinck,paola kinck,"stand 4 conservatism, patriotism & optimism: don't take my lemonade stand & obama 2012 slogans.protect our kids! #wakeupamerica",2145,3518,2082,2956,24,FALSE,,,usa,english,eastern time (us & canada),5/30/2014,5/30/2014 14:14,2535166748,TRUE
132,heyheyhailey,hailey romano,,1857,2035,1542,1539,8,FALSE,,,atlanta,english,eastern time (us & canada),5/30/2014,5/30/2014 14:34,2535218881,TRUE
133,calebpaar,caleb paar,,1374,2983,1438,1698,12,FALSE,,,atlanta,english,eastern time (us & canada),5/30/2014,5/30/2014 15:56,2535353390,TRUE
134,happkendrahappy,kendra,stop trying to fix the police; fix the ghetto! #wakeupamerica #tcot #pjnet #bluelivesmatter,1688,2746,2301,1307,32,FALSE,,,new york,english,eastern time (us & canada),5/30/2014,5/30/2014 20:55,2535818742,TRUE
135,dannythehappies,danny,you know you're in love when you can't fall asleep because reality is finally better than your dreams,1857,2191,1405,1548,17,FALSE,,,"atlanta, georgia",english,eastern time (us & canada),5/31/2014,5/31/2014 0:27,2536146374,TRUE
136,kolradskiy_zhuk,???????,????? ?????? ? ?????? ?? ???? ? ????? ????????,2412,795,1061,106,4,FALSE,,,"???????, ??????",russian,moscow,5/9/2014,5/9/2014 19:02,2537592520,TRUE
137,sovasof,?????????,?????? ????????? ???????? ?? ??????.? ?? ???? - ?????.,168,1158,843,151,1,FALSE,,,,russian,volgograd,5/10/2014,5/10/2014 12:05,2538941639,TRUE
138,holycrapchrix,chris,addicted to #hashtag #games,2456,4237,2768,2134,34,FALSE,,,"atlanta, ga",english,eastern time (us & canada),6/2/2014,6/2/2014 2:03,2540596597,TRUE
139,stanley_cox_,stanley cox,"christian, pro life,conservative,strong supporter of israel. constitutionalist, #2a supporter",2508,1410,930,2859,27,FALSE,,,usa,english,central time (us & canada),5/11/2014,5/11/2014 10:33,2540758755,TRUE
140,heyits_toby,toby kress,"guardian of the animals, conservative, diy'er, ninja #tcot",1424,1396,1011,1676,10,FALSE,,,us,english,eastern time (us & canada),6/2/2014,6/2/2014 6:34,2540882036,TRUE
141,gvardeykalena,????? ?????????,??????? ? #??????????????,2160,549,312,50,1,FALSE,,,?????-?????????,russian,moscow,5/11/2014,5/11/2014 15:53,2541215075,TRUE
142,mr_clampin,eric roberts,,2011,3777,2403,1770,13,FALSE,,,atlanta,english,eastern time (us & canada),6/2/2014,6/2/2014 18:05,2541945841,TRUE
143,chicagodailynew,chicago daily news,"local news, sports, business, politics, entertainment, travel and opinion for chicago and illinois. dm us 24/7",19525,39293,10,7063,214,FALSE,FALSE,TRUE,"chicago, il",english,central time (us & canada),5/14/2014,5/14/2014 10:48,2547141851,TRUE
144,msm0re,more,?? ???? ?????? ??? ?? ????????? ???? ???????.,126,1083,1980,145,1,FALSE,,,,russian,volgograd,5/14/2014,5/14/2014 15:09,2547539571,TRUE
145,alexsvladimirov,??????? ??????????,,2211,620,1679,71,0,FALSE,,,??????,russian,volgograd,5/22/2014,5/22/2014 18:47,2559217373,TRUE
146,lapinolegg,???? ?????,?????? ? ?????? — ?????? ??????????? ??????????????? ????????.,83,432,307,129,3,FALSE,,,"??????, ??????",russian,volgograd,5/23/2014,5/23/2014 5:39,2559850571,TRUE
147,sovetnikstatski,???????? ????????,"????????? ?????, ? ??????, ?? ??? ?????? — ? ? ??? ????!",2147,978,772,373,2,FALSE,,,??????,russian,volgograd,5/25/2014,5/25/2014 10:39,2563274242,TRUE
148,sergbriantsev,?????? ???????,"?????? ???? ????????? ????????? ? ???? ??, ??? ?????? ????.",51,1280,748,3,0,FALSE,,,??????,russian,yerevan,5/28/2014,5/28/2014 12:37,2568897527,TRUE
149,loragreeen,lora green,be the change that you wish to see in the world,4009,5867,3676,3363,32,FALSE,,,new - york,english,eastern time (us & canada),5/28/2014,5/28/2014 16:02,2569229674,TRUE
150,onlinememphis,memphis online,"breaking news, weather, traffic and more for memphis and tennessee. dm us anytime. rts not endorsements",18704,4223,3,5751,113,FALSE,FALSE,TRUE,"memphis, tn",english,central time (us & canada),5/29/2014,5/29/2014 1:01,2570017414,TRUE
151,aiden7757,aiden ramsey,"in order to succeed, your desire for success should be greater than your fear of failure.",1794,2284,1711,1527,17,FALSE,,,usa,english,eastern time (us & canada),5/29/2014,5/29/2014 9:58,2570250275,TRUE
152,politweecs,politweecs,tweets and politics,32846,559,51,25600,117,FALSE,,,united states,english,central time (us & canada),5/29/2014,5/29/2014 16:09,2570631118,TRUE
153,shapka_mono,????,???? - ? ????? ???????,102,935,1331,497,1,FALSE,,,,russian,volgograd,6/16/2014,6/16/2014 17:49,2571344730,TRUE
154,detroitdailynew,detroit daily news,"local news, sports, business, politics, entertainment, travel and opinion for detroit. dm us 24/7",18617,18924,4,5144,193,FALSE,FALSE,TRUE,"detroit, michigan",english,central time (us & canada),5/30/2014,5/30/2014 7:24,2571870453,TRUE
155,toneporter,anthony porter,,1545,2196,1367,1408,10,FALSE,,,usa,english,central time (us & canada),5/30/2014,5/30/2014 9:13,2571997365,TRUE
156,leroylovesusa,leroy barton,conservative #tcot #pjnet retweets ? endorsement#godblessamerica,1545,1501,976,1321,9,FALSE,,,usa,english,eastern time (us & canada),5/30/2014,5/30/2014 9:52,2572058134,TRUE
157,hipppo_,justin,striving for excellence motivates you; striving for perfection is demoralizing,1969,2148,1520,1855,9,FALSE,,,us,english,eastern time (us & canada),5/30/2014,5/30/2014 10:41,2572092279,TRUE
158,mihanovikov,?????? ???????,???? ??? ????? ????? ? ????? ???????: ????????? ? ??? ??? ??????.,912,765,1088,1148,9,FALSE,,,russia,russian,volgograd,6/18/2014,6/18/2014 12:14,2574715662,TRUE
159,glebnikon,???? ???????,"??????? — ??? ???????, ???????? ??????, ? ?????? — ??? ?????? ????? ?????.",2464,807,227,165,0,FALSE,,,"??????-??-????, ??????",russian,volgograd,6/1/2014,6/1/2014 9:39,2575046530,TRUE
160,sergeev_tolik,??????? ????????,"??, ??? ????????? ???????, ?? ???????? ?????? ???????? ? ????? ????????? ? ????????, ??? ?????, ?????? ? ?????.",2467,956,392,206,0,FALSE,,,?????-?????????,russian,volgograd,6/1/2014,6/1/2014 14:50,2575471053,TRUE
161,denn_nikitin,?????,,87,1479,1719,70,0,FALSE,,,,russian,moscow,6/2/2014,6/2/2014 10:35,2577152109,TRUE
162,boriseleseev,????? ???????,????? ??????!!!,2163,581,320,229,0,FALSE,,,??????,russian,volgograd,6/20/2014,6/20/2014 7:35,2578226850,TRUE
163,russianallies,c??????? ??????,????????? iii: ? ?????? ???? ?????? ??? ????????: ?? ????? ? ????. ??????? ?? ????? ?? ????????? ??????? ??????,21072,15364,0,2926,134,FALSE,,,"????, ???????? ???????",english,abu dhabi,6/20/2014,6/20/2014 10:17,2578422308,TRUE
164,realrobert1987,proud robert,"faith, honesty, family, work, self discipline, loyalty, courage, defending innocent, personal responsibility. patriot. conservative#wakeupamerica",1982,1325,639,1834,17,FALSE,,,usa,english,baku,6/3/2014,6/3/2014 4:02,2579342751,TRUE
165,queenofthewo,jacky,"i have not failed. i've just found 10,000 ways that won't work",1704,2233,1275,1427,11,FALSE,,,montgomery,english,eastern time (us & canada),6/5/2014,6/5/2014 12:27,2584152521,TRUE
166,bocharnikov_v,???? ??????????,? ??? ????????? ??? ?????? ? ???????!,212,1368,1080,1372,3,FALSE,,,"??????, ??????",russian,nairobi,6/24/2014,6/24/2014 23:36,2586491520,TRUE
167,alexharritonov,????????? ?????????,???????????? ???????,2231,1257,521,136,1,FALSE,,,??????,russian,moscow,6/24/2014,6/24/2014 23:50,2586506586,TRUE
168,judelambertusa,jude lambert,god. country. family. #tcot#rednationrising  #ingodwetrust,1688,1515,939,1525,21,FALSE,,,usa,english,central time (us & canada),6/6/2014,6/6/2014 13:58,2587100717,TRUE
169,kansasdailynews,kansascitydailynews,"local news, sports, business, politics, entertainment, travel and opinion for kansas. dm us 24/7",25356,42560,1,5169,166,FALSE,FALSE,TRUE,"kansas city, mo",english,central time (us & canada),6/6/2014,6/6/2014 19:56,2587843805,TRUE
170,cassieweltch,cassie weltch,"ask and it will be given to you; search, and you will find; knock and the door will be opened for you",1710,2455,1381,1415,8,FALSE,,,usa,english,eastern time (us & canada),6/7/2014,6/7/2014 13:13,2589353987,TRUE
171,patriotraphael,raphael,pissed off patriot. #2a supporter #tcot#wakeupamerica,1313,1521,989,1555,19,FALSE,,,usa,english,eastern time (us & canada),6/7/2014,6/7/2014 18:41,2590038478,TRUE
172,todaypittsburgh,pittsburgh today,"pittsburgh's local news on twitter. breaking news, sports, events  and international news. tweet us or dm",18917,32006,7,6350,145,FALSE,FALSE,TRUE,"pittsburgh, pa",english,eastern time (us & canada),6/11/2014,6/11/2014 14:24,2601235821,TRUE
173,jarrardnorman,jarrard,what’s money? a man is a success if he gets up in the morning and goes to bed at night and in between does what he wants to do.,1738,2189,1416,1354,18,FALSE,,,usa,english,eastern time (us & canada),6/12/2014,6/12/2014 18:16,2604334823,TRUE
174,finley1589,donald finley,conservative. politics. pro-life. writer. #godblessamerica #wakeupamerica #ingodwetrust,1409,4283,6237,1187,41,FALSE,,,usa,english,central time (us & canada),6/13/2014,6/13/2014 13:35,2606301939,TRUE
175,amandavgreen,amy green,you have to go through the worst to arrive at your best,3557,4461,2672,3303,37,FALSE,,,united states,english,eastern time (us & canada),6/17/2014,6/17/2014 5:45,2616344667,TRUE
176,philadelphiaon,philadelphia online,"breaking news, weather, traffic and more for philadelphia and pennsylvania. dm us anytime. rts not endorsements",15904,9725,4,5890,118,FALSE,FALSE,TRUE,"philadelphia, pa",english,eastern time (us & canada),6/18/2014,6/18/2014 17:42,2620614029,TRUE
177,puredavie,david collier,i would rather die of passion than of boredom.,1780,1757,1055,1603,14,FALSE,,,usa,english,eastern time (us & canada),6/18/2014,6/18/2014 19:34,2620869737,TRUE
178,dailylosangeles,los angeles daily,"follow for la's breaking news, special reports, entertainment and more from @dailylosangeles",17851,7288,4,7200,192,FALSE,FALSE,TRUE,"los angeles, ca",english,pacific time (us & canada),6/20/2014,6/20/2014 3:22,2624554209,TRUE
179,lavrovmuesli,????? ???????,"????? ???, ????? ? ????????, ??@#%.?????????? ???????, ???????? «????», «???????????» ? «????????????? ??????????».  ???????? ???? ? ????? ???????.",47080,11798,1026,2356,359,FALSE,,,,russian,volgograd,7/21/2014,7/21/2014 10:56,2665564544,TRUE
180,brightandglory,bob hodges,,3080,3935,3359,3240,24,FALSE,,,usa,english,eastern time (us & canada),7/3/2014,7/3/2014 15:01,2668171329,TRUE
181,patriotblake,blake cline,"big government=corruption, #nra, conservative, my tweets=my personal opinions#godblessamerica",2035,3325,3533,2286,38,FALSE,,,usa,english,eastern time (us & canada),7/4/2014,7/4/2014 8:01,2671070290,TRUE
182,bgarner2107,bekky garner,embrace yourself,2496,3942,2765,2159,27,FALSE,,,arkansas,english,eastern time (us & canada),8/3/2014,8/3/2014 19:00,2732675512,TRUE
183,cascaseyp,casey pittman,do not let what you cannot do interfere with what you can do.,1907,2537,972,1567,15,FALSE,,,boston,english,eastern time (us & canada),8/14/2014,8/14/2014 7:52,2742482932,TRUE
184,washingtonline,washington online,"breaking news, weather, traffic and more for washington. dm us anytime. rts not endorsements",31729,28939,31,12148,263,FALSE,FALSE,TRUE,"washington, d.c.",english,eastern time (us & canada),8/15/2014,8/15/2014 7:33,2743327187,TRUE
185,todaynycity,new york city today,"new york city's local news on twitter. breaking news, sports, events and international news. tweet us or dm",60897,42438,42,5999,208,FALSE,FALSE,TRUE,"new york, ny",english,eastern time (us & canada),8/27/2014,8/27/2014 17:34,2752677905,TRUE
186,onlinecleveland,cleveland online,"breaking news, weather, traffic and more for cleveland. dm us anytime. rts not endorsements",16297,15314,4,7621,80,FALSE,FALSE,TRUE,"city of cleveland, usa",english,central time (us & canada),8/28/2014,8/28/2014 7:00,2753146444,TRUE
187,phoenixdailynew,phoenix daily news,"local news, sports, business, politics, entertainment, travel and opinion for phoenix and arizona. dm us 24/7",14895,19310,4,5412,132,FALSE,FALSE,TRUE,"city of phoenix, arizona",english,arizona,8/28/2014,8/28/2014 9:32,2753211010,TRUE
188,sanantotopnews,san antonio top news,"san antonio top news and stories, powered 24/7",19506,13260,3,8167,104,FALSE,FALSE,TRUE,"city of san antonio, tx",english,central time (us & canada),8/28/2014,8/28/2014 14:35,2753338899,TRUE
189,giselleevns,giselle evans,"if you don't work hard to achieve your dreams, you'll never achieve them",24344,18466,9122,21953,113,FALSE,,,"pittsburgh, us",english,eastern time (us & canada),10/29/2014,10/29/2014 11:47,2882013788,TRUE
190,danageezus,dana gold,producer,20941,13591,11920,14773,130,FALSE,,,usa,english,eastern time (us & canada),10/29/2014,10/29/2014 12:07,2882037326,TRUE
191,jenn_abrams,jenna abrams,politics is a circus of hypocrisy. i do care. any offers/ideas/questions? dm or email me jennnabrams@gmail.com,61609,20576,8763,20600,456,FALSE,,,usa,english,eastern time (us & canada),10/29/2014,10/29/2014 16:57,2882331822,TRUE
192,thefoundingson,,,,,,,,,,,,,,,,4508630900,TRUE
193,chrixmorgan,christian morgan,i'm so funny. i can make myself laugh,18062,10121,6268,9033,97,FALSE,,,usa,english,pacific time (us & canada),10/29/2014,10/29/2014 16:41,2882350436,TRUE
194,newspeakdaily,newspeak daily,it's never too late to reinvent the bicycle,5786,10611,0,874,65,FALSE,,,,english,eastern time (us & canada),12/13/2014,12/13/2014 17:39,2928870434,TRUE
195,screamymonkey,screamy monkey,first frontier.news aggreagtor.,13214,45883,1165,14051,44,FALSE,,,,english,pacific time (us & canada),12/27/2014,12/27/2014 8:31,2943515140,TRUE
196,specialaffair,special affair,political junkie in action,11237,36058,948,10072,51,FALSE,,,,english,pacific time (us & canada),12/30/2014,12/30/2014 17:41,2951556370,TRUE
197,baltimore0nline,baltimore online,"breaking news, weather, traffic and more for baltimore. dm us anytime. rts not endorsements",6406,10773,78,5272,112,FALSE,FALSE,TRUE,"baltimore, md",english,eastern time (us & canada),3/10/2015,3/10/2015 13:26,3071479646,TRUE
198,stlouisonline,st. louis online,"breaking news, weather, traffic and more for st. louis. dm us anytime. rts not endorsements",8329,17082,9,5249,145,FALSE,FALSE,TRUE,"st louis, mo",english,eastern time (us & canada),3/12/2015,3/12/2015 3:43,3074563039,TRUE
199,richmondvoice,richmond voice,richmond's latest news source. follow us for original reporting and trusted news @richmondvoice. dm your local news tips,2804,5234,3,4719,29,FALSE,FALSE,TRUE,"richmond, va",english,eastern time (us & canada),3/14/2015,3/14/2015 13:09,3080829096,TRUE
200,aldrich420,kristian aldrich,"retired chief financial officer, patriot, conservative constitutionalist, 2nd amend supporter, penn state grad - political science, fitness enthusiast",1483,1162,940,1670,24,FALSE,,,usa,english,eastern time (us & canada),3/10/2015,3/10/2015 2:43,3083086600,TRUE
201,hollydler,holly elder,"i live by the creed god, family, country. i'm a #bluelives family. #lnyhbt #tcot #israel #ccot #pjnet #policelivesmatter",1831,3066,3525,1493,20,FALSE,,,,english,eastern time (us & canada),3/10/2015,3/10/2015 12:14,3083844539,TRUE
202,priceforpierce,kenneth pierce,constitutional conservative-pro life-pro 2nd amendment-christian,2286,1695,1029,2696,30,FALSE,,,,english,eastern time (us & canada),3/10/2015,3/10/2015 13:51,3084088366,TRUE
203,mil0blake,milo blake,"faith, honesty, family, work, self discipline, loyalty, courage, defending most innocent, personal responsibility & helping others help themselves #tcot",1916,1659,852,1977,25,FALSE,,,usa,english,eastern time (us & canada),3/10/2015,3/10/2015 16:44,3084360275,TRUE
204,devinedevinbr,devin brewer,#jesus is my love - tea party. arrest obama regime #tcot#rednationrising #ingodwetrust,1590,1061,511,1361,28,FALSE,,,,english,pacific time (us & canada),3/10/2015,3/10/2015 21:06,3084866039,TRUE
205,newarkvoice,newark voice,newark's latest news source. follow us for original reporting and trusted news @newarkvoice,4108,11511,0,3732,42,FALSE,FALSE,TRUE,"newark, nj",english,eastern time (us & canada),3/15/2015,3/15/2015 7:23,3091936475,TRUE
206,batonrougevoice,baton rouge voice,baton rouge's latest news source. follow us for original reporting and trusted news @batonrougevoice. dm your local news tips,3110,20707,0,2382,42,FALSE,FALSE,TRUE,"baton rouge, la",english,eastern time (us & canada),3/15/2015,3/15/2015 7:27,3091979410,TRUE
207,gloed_up,1-800-woke-af,no black person is ugly #bronze #blacklivesmatter #blacktolive,19314,28695,12132,10011,255,FALSE,,,stlouis,english,pacific time (us & canada),8/11/2015,8/11/2015 7:22,3312143142,TRUE
208,worldofhashtags,world of hashtags,hosted by @giselleevns. join #worldofhashtags game on mondays at 9am et/ wednesdays at 10am et,7379,21500,27181,5462,80,FALSE,,,,english,eastern time (us & canada),9/3/2015,9/3/2015 17:13,3438999494,TRUE
209,todayinsyria,syria today,news about war in #syria & #isis,26430,10162,93,6100,273,FALSE,FALSE,TRUE,,english,london,10/8/2015,10/8/2015 12:27,3899481526,TRUE
210,blackmattersus,blackmatters,"fast-growing black community. latest news and everyday updates, opinions on today’s racial justice issues.#blackmattersus #blm",15026,3252,2830,14414,144,FALSE,FALSE,TRUE,,english,pacific time (us & canada),10/22/2015,10/22/2015 8:38,3978316814,TRUE
211,tpartynews,tea party news,,19976,1649,928,21908,97,FALSE,,,,english,pacific time (us & canada),10/23/2015,10/23/2015 11:07,3990577513,TRUE
212,4mysquad,4 my squad,#blacklivesmatter,4733,1489,544,4008,35,FALSE,,,,english,pacific time (us & canada),10/27/2015,10/27/2015 15:08,4036537452,TRUE
213,blackeyeblog,black eye,education and information is our tool and weapon. and we are going to use them.,4555,1742,469,5155,49,FALSE,,,,english,pacific time (us & canada),11/9/2015,11/9/2015 10:31,4178313619,TRUE
214,blk_voice,black voice,black is the new black!#blacklivesmatter,8339,1545,3,6374,75,FALSE,,,,english,pacific time (us & canada),11/18/2015,11/18/2015 10:26,4217244274,TRUE
215,itstimetosecede,heart of texas,tx patriots united for real action. secede if hillary! #2a #neverhillary #texit #texassecede,5391,848,604,5783,34,FALSE,,,all over texas,english,central time (us & canada),11/25/2015,11/25/2015 7:03,4271904983,TRUE
216,blacknewsoutlet,black news,freedom is never given; it is won. #blacklivesmatter,11518,1370,36,6737,130,FALSE,,,black america,english,pacific time (us & canada),11/28/2015,11/28/2015 1:17,4301962823,TRUE
217,rightnpr,right and proud,conservative; politically incorrect; christian. proud american; the only left we have is regressive left,9297,791,46,7930,32,FALSE,,,,english,pacific time (us & canada),11/28/2015,11/28/2015 21:53,4311371968,TRUE
218,southlonestar,south lone star,proud texan and american patriot #2a #prolife #trump2016 #trumppence16 pc is against freedom of speech and islam is against western culture,22049,2108,216,14785,123,FALSE,,,"texas, usa",english,pacific time (us & canada),11/25/2015,11/25/2015 12:33,4355797094,TRUE
219,dontshootcom,don't shoot,'don't shoot' aims to empower and encourage people to take action in struggle for social justice. unite and fight against #policebrutality!,4683,757,460,4612,41,FALSE,,,,english,pacific time (us & canada),1/28/2016,1/28/2016 9:36,4856706634,TRUE
220,trayneshacole,traynesha cole ??,love for all my people of melanin. your black is beautiful!#mypussymychoice #blackgirlsmagic #blacklivesmatter,11756,7118,2010,9599,133,FALSE,,,,english,pacific time (us & canada),2/4/2016,2/4/2016 13:35,4859142199,TRUE
221,gallowayeliana,eliana galloway,slave blood. melanin. water. fire. honey#blacklivesmatter bih,1000,1721,1882,939,14,FALSE,,,usa,english,eastern time (us & canada),6/11/2013,6/11/2013 15:38,1504356343,TRUE
222,catelinewatkins,cateline,,1194,1589,851,1666,8,FALSE,,,usa,english,eastern time (us & canada),6/13/2013,6/13/2013 4:06,1512371617,TRUE
223,susayung,susan young,"i live my own life, #blacktivist",953,1765,1773,973,13,FALSE,,,united states,english,eastern time (us & canada),6/18/2013,6/18/2013 8:08,1527133837,TRUE
224,taraformation,tara franko,"love my human family. i hate injustice.im ready for the beast ,no matter what form ,shape,size,nationality,color.",470,641,987,517,2,FALSE,,,"atlanta, ga",english,eastern time (us & canada),6/20/2013,6/20/2013 14:46,1534083420,TRUE
225,bigseanbeast,sean beast,"everybody wants to be a nigga, but nobody wants to be a nigga.#blacklivesalwaysmatter",670,1475,1856,780,8,FALSE,,,usa,english,eastern time (us & canada),7/25/2013,7/25/2013 21:54,1621376306,TRUE
226,notballinyet,shane mathews,a voice of resistance from a person of color living in america |#blacktolive!,724,1346,1557,686,7,FALSE,,,usa,english,eastern time (us & canada),7/26/2013,7/26/2013 14:08,1623062953,TRUE
227,claypaigeboo,clayton paige,warrior for the injustices done to my people.#blacklivesmatter,838,1328,1143,1265,12,FALSE,,,"bronx, ny",english,eastern time (us & canada),7/27/2013,7/27/2013 20:47,1626302035,TRUE
228,fightm_d_b,#i'mwokeaf,fuck my bitch or fuck your bitch... ican't make my mind up,612,1717,2326,507,10,FALSE,,,usa,english,eastern time (us & canada),8/4/2013,8/4/2013 19:19,1645969141,TRUE
229,hollandpatrickk,patrick,"lover of life and israel, jesus and country music! conservative christian! #nra#2a #infidel #tcot #ingodwetrust",338,893,324,429,6,FALSE,,,usa,english,eastern time (us & canada),8/5/2013,8/5/2013 5:41,1646999972,TRUE
230,kaydenmelton,kayden melton,"either you run the day, or the day runs you. –jim rohn",2780,1672,1865,2404,6,FALSE,,,"houston, tx",english,eastern time (us & canada),8/5/2013,8/5/2013 11:58,1647637538,TRUE
231,charlesrespeck,charles wright,official feed of corrupt police in usa. we are just getting started - expect us. #blacklivesmatter #acab,704,1328,1259,647,14,FALSE,,,,english,eastern time (us & canada),8/6/2013,8/6/2013 6:54,1649652192,TRUE
232,hellieedwards,praying for love,,2355,2826,2513,3117,16,FALSE,,,,english,eastern time (us & canada),8/6/2013,8/6/2013 13:08,1650310652,TRUE
233,wonderhann,wonderwoman,i'm a wonderwoman and wonderwomen don't cry,51,33,12,45,2,FALSE,,,usa,english,eastern time (us & canada),8/6/2013,8/6/2013 20:12,1651108392,TRUE
234,marissaimstrong,,,,,,,,,,,,,,,,1681425248,TRUE
235,johnievogue,johnie vaughan,"hope for the best. expect the worst. ? i'm not afraid of dying, i'm afraid of not trying",876,1610,2310,743,5,FALSE,,,"miami, fl",english,eastern time (us & canada),8/7/2013,8/7/2013 16:50,1653393446,TRUE
236,maymaymyy,may sullivan,i got a .45 in my louis bag yeah #allblacklivesmatter,870,1660,1712,742,5,FALSE,,,usa,english,eastern time (us & canada),8/8/2013,8/8/2013 2:09,1654347974,TRUE
237,imaswerve,paul stewart,bassline junkie | black lives matter activist | baller | nigga with attitude,795,1417,1492,709,9,FALSE,,,usa,english,eastern time (us & canada),8/8/2013,8/8/2013 5:49,1654695517,TRUE
238,sincerepruitt,sincere pruitt,i'd love to trade weekdays for weekends. ? ? ?,612,1272,1371,581,9,FALSE,,,"baltimore, md",english,eastern time (us & canada),8/8/2013,8/8/2013 12:49,1655288160,TRUE
239,jeanuttella,jeannette whitley,it's hard to believe all this shit whats going on #blacklivesmatter,830,1514,1328,647,7,FALSE,,,usa,english,eastern time (us & canada),8/8/2013,8/8/2013 17:11,1655815544,TRUE
240,johnbranchh,jonathan branch,your biggest fear should be the fact i'm black and my life matters.,849,1685,2359,852,7,FALSE,,,"houston, tx",english,eastern time (us & canada),8/9/2013,8/9/2013 13:11,1657753759,TRUE
241,karenparker93,karen p.,"dear lord, please bless & protect our military, ijn! #renewus #pjnet #ccot #tcot#wakeupamerica",1317,1957,1280,862,17,FALSE,,,,english,eastern time (us & canada),8/10/2013,8/10/2013 10:20,1659753702,TRUE
242,tessyelmore,theresa elmore,"18. the struggle is real, but so is god?. /musicholic/#blacklivesmatter",2823,1738,2103,2207,9,FALSE,,,"oklahoma, pa",english,eastern time (us & canada),8/10/2013,8/10/2013 13:54,1660183028,TRUE
243,adrgreerr,adrian greer,"the most difficult thing is the decision to act, the rest is merely tenacity.",717,1400,1378,1214,9,FALSE,,,usa,english,eastern time (us & canada),8/10/2013,8/10/2013 13:46,1660186831,TRUE
244,damanimiles,damani miles,"unfadeable so please don't try to fade me |blacktivist | #staywoke, monica",815,1353,1138,682,9,FALSE,,,united states,english,eastern time (us & canada),8/10/2013,8/10/2013 19:14,1660804459,TRUE
245,rh0lbr00k,rachael holbrook,"all lives matter i'm a true conservative christian patriot. i love god, i love my country. #pjnet #tcot #godblessamerica",1799,1988,1850,1970,15,FALSE,,,usa,english,eastern time (us & canada),8/11/2013,8/11/2013 14:58,1662779209,TRUE
246,finnaglo,malik chandler,the worst fool is an educated one…,810,1507,1514,911,7,FALSE,,,"chicago, il",english,eastern time (us & canada),8/11/2013,8/11/2013 22:42,1663583694,TRUE
247,johnieboycooks,johnie cooks,"warm as the sun, dipped in black. full time protagonist, womanist, & revolutionary | strength, courage, & wisdom.",674,1499,1786,647,4,FALSE,,,"atlanta, ga",english,eastern time (us & canada),8/13/2013,8/13/2013 16:58,1668314575,TRUE
248,adamchapmanjr,adam chapman,"womanist/ #allblacklivesmatter/ don't be a dick, it's not that difficult /anthropology major at the university of arizona",835,1282,1081,728,5,FALSE,,,"arizona, usa",english,eastern time (us & canada),8/14/2013,8/14/2013 15:08,1670762347,TRUE
249,brianthelifter,brian carter,"if you don't stand for anything, you will fall for everything #blacklivesmatter",880,1244,1362,698,7,FALSE,,,"atlanta, ga",english,eastern time (us & canada),8/16/2013,8/16/2013 9:09,1675280893,TRUE
250,wokefromday1,angel underwood,i will not drown in the rising tide of conformity. i will not let authority ignore me. #staywoke ?,782,1761,1900,829,15,FALSE,,,,english,eastern time (us & canada),8/17/2013,8/17/2013 15:39,1678552327,TRUE
251,willisbonnerr,willis bonner,you miss 100% of the shots you don’t take,571,1356,1365,470,7,FALSE,,,"ferguson, mo",english,eastern time (us & canada),8/18/2013,8/18/2013 10:05,1680366068,TRUE
252,jerstoner,jeremy cooley,"if i rude, i rude. author of all in love is fair",596,1249,1212,464,6,FALSE,,,usa,english,eastern time (us & canada),8/19/2013,8/19/2013 16:03,1683608846,TRUE
253,nehemiahx,nehemiah ingram,sometimes i feel like malcolm x before prison.. sometimes i feel like malcom x after mecca..#black #blackpride,691,1137,1036,642,12,FALSE,,,usa,english,eastern time (us & canada),8/20/2013,8/20/2013 8:07,1685229229,TRUE
254,queennarielle,arielle goodwin,"if you want your children to turn out well, spend twice as much time with them, and half as much money.",909,1614,1581,941,6,FALSE,,,usa,english,eastern time (us & canada),8/21/2013,8/21/2013 10:45,1688003786,TRUE
255,robertebonyking,robert thompson,"gamer blerd4life, introvert #godsmiraclechild #blacklivesmatter. searching for my ebony queen. get to know me i won't be quiet i promise",591,1141,1074,478,2,FALSE,,,"chicago, il",english,eastern time (us & canada),8/22/2013,8/22/2013 13:11,1691000604,TRUE
256,johnnymarch_,john martin,i proud of myself. imma black,668,1431,1482,765,4,FALSE,,,,english,eastern time (us & canada),8/24/2013,8/24/2013 6:17,1695671640,TRUE
257,kencannone,ken,live your life to the fulles,774,1264,290,580,9,FALSE,,,nh,english,eastern time (us & canada),8/24/2013,8/24/2013 17:04,1696996141,TRUE
258,janelperkinson,janel p.,"mom. grad student. agnostic atheist. nerd. i tweet about race, politics, technology, science, etc. #blackliberationmovement",942,1570,1678,1119,5,FALSE,,,us,english,eastern time (us & canada),8/28/2013,8/28/2013 8:13,1706657124,TRUE
259,aantiracist,matthew caldwell,"reparations will address society's racism. let's do more than talk about it, it's time to unite & act on this. make black america great!",897,1498,1785,735,9,FALSE,,,"missouri, usa",english,eastern time (us & canada),8/29/2013,8/29/2013 6:17,1709314117,TRUE
260,cookiiieeessss,cookie monster,i eat that cookie like a monster,678,1587,1610,779,8,FALSE,,,usa,english,eastern time (us & canada),8/29/2013,8/29/2013 22:03,1711063908,TRUE
261,bricegeller,brice geller,only the strong survives! be brave!#staywoke,711,1386,1408,661,7,FALSE,,,usa,english,eastern time (us & canada),9/10/2013,9/10/2013 9:05,1850866398,TRUE
262,corynaenae,cory hale,your leaders are weak. we will crush them. #blacklivesmatter #pipeitup,674,1153,1004,520,5,FALSE,,,usa,english,eastern time (us & canada),9/14/2013,9/14/2013 14:11,1863956756,TRUE
263,bigboysneed,khalil sneed,because pro-intellect would have been too cliche. famu graduate.,555,1281,908,512,6,FALSE,,,usa,english,eastern time (us & canada),9/15/2013,9/15/2013 19:03,1868810166,TRUE
264,brentmcclure275,brent mcclure,"in bad luck, hold out; in good luck, hold in. slow and steady wins the race and the road to a friends house is never long. #teamblack #antiracist",646,1425,1547,1008,6,FALSE,,,,english,eastern time (us & canada),9/16/2013,9/16/2013 22:32,1873206768,TRUE
265,chesplayschess,christian ward,"god bless america! #christian, #american, #patriot, #teaparty, #tgdn, #tcot, #nra, #lnyhbt, #pjnet",1404,15943,13474,1736,56,FALSE,,,usa,english,eastern time (us & canada),9/18/2013,9/18/2013 0:47,1877492857,TRUE
266,pati_cooper,patricia cooper,just because i am white - i am not racist. sick of fake racism & being walked on. conservative - take america back. right vs wrong - learn it!,1262,1898,1441,1532,30,FALSE,,,united states,english,eastern time (us & canada),9/19/2013,9/19/2013 8:08,1882324014,TRUE
267,coldwar20_ru,???????? ????? 2.0,"???????????? ???????, ???????????? ???????.",44470,32426,232,5300,388,FALSE,,,"??????, ??????",russian,volgograd,2/19/2014,2/19/2014 14:06,2351739462,TRUE
268,cliftonhughes_,clifton hughes,black people will change the world,866,1236,1474,975,8,FALSE,,,united states,english,eastern time (us & canada),5/12/2014,5/12/2014 12:53,2491401030,TRUE
269,notritahart,rita hart,lost in the moment,1619,2224,1657,2802,21,FALSE,,,atlanta,english,eastern time (us & canada),5/15/2014,5/15/2014 15:46,2496599688,TRUE
270,austinlovesbeer,austin,show me the meaning of being lonely,33,103,1,41,4,FALSE,,,usa,english,eastern time (us & canada),5/16/2014,5/16/2014 7:38,2497991305,TRUE
271,neworleanson,new orleans online,"breaking news, weather, traffic and more for new orleans and louisiana. dm us anytime. rts not endorsements",27745,44882,33,11333,157,FALSE,FALSE,TRUE,"new orleans, la",english,central time (us & canada),5/5/2014,5/5/2014 11:33,2530830345,TRUE
272,lazykstafford,kate stafford,i'm an american loving patriot-married to a vietnam vet-christian & dedicated to saving r freedom!,2187,1752,1509,1818,30,FALSE,,,usa,english,volgograd,5/6/2014,5/6/2014 17:01,2533221819,TRUE
273,abigailssilk,abigail silk,,858,1592,846,629,13,FALSE,,,atlanta,english,eastern time (us & canada),5/30/2014,5/30/2014 7:14,2534421182,TRUE
274,elpasotopnews,el paso top news,"el paso top news and stories, powered 24/7",14648,8050,2,5033,34,FALSE,FALSE,TRUE,"el paso, texas",english,central time (us & canada),5/9/2014,5/9/2014 18:10,2537507303,TRUE
275,dominicvalent,dominic valentine,try to be a rainbow in someone's cloud,2569,2775,2445,3072,22,FALSE,,,us,english,eastern time (us & canada),5/31/2014,5/31/2014 3:02,2573225349,TRUE
276,todaycincinnati,cincinnati today,"cincinnati's local news on twitter. breaking news, sports, events and international news. tweet us or dm",16483,15189,1,9184,141,FALSE,FALSE,TRUE,"cincinnati, oh",english,central time (us & canada),6/2/2014,6/2/2014 9:58,2577082467,TRUE
277,jmscoxxx,james cox,"after all is said and done, a lot more will have been said than done",1302,1652,506,2407,6,FALSE,,,usa,english,eastern time (us & canada),6/3/2014,6/3/2014 14:28,2580516159,TRUE
278,todaybostonma,boston today,"boston's local news on twitter. breaking news, sports, events  and international news. tweet us or dm",15376,15425,3,8840,153,FALSE,FALSE,TRUE,"boston, usa",english,eastern time (us & canada),6/8/2014,6/8/2014 11:20,2591847731,TRUE
279,dickyirwin,rick irwin,well done is better than well said,2033,2309,2056,3105,34,FALSE,,,usa,english,eastern time (us & canada),6/10/2014,6/10/2014 17:33,2598367019,TRUE
280,seattle_post,seattle post,"be the first to know seattle's local news. politics, sport, entertainment, business, features and more that you need to know and share",17222,27013,17,5254,201,FALSE,FALSE,TRUE,"seattle, wa",english,central time (us & canada),6/15/2014,6/15/2014 11:14,2611151319,TRUE
281,houstontopnews,houston top news,"houston top news and stories, powered 24/7",16678,20564,14,9562,115,FALSE,FALSE,TRUE,"houston, tx",english,central time (us & canada),6/21/2014,6/21/2014 9:32,2628066159,TRUE
282,dailysandiego,san diego daily,"follow for san diego's breaking news, special reports, entertainment and more from @dailysandiego",15702,18733,2,5435,219,FALSE,FALSE,TRUE,"san diego, ca",english,pacific time (us & canada),6/22/2014,6/22/2014 8:43,2630842499,TRUE
283,dallastopnews,dallas top news,"dallas top news and stories, powered 24/7",18843,19714,6,7664,151,FALSE,FALSE,TRUE,"dallas, texas",english,central time (us & canada),7/5/2014,7/5/2014 13:33,2675966513,TRUE
284,atlanta_online,atlanta online,"breaking news, weather, traffic and more for atlanta and georgia. dm us anytime. rts not endorsements",17346,12995,7,9424,140,FALSE,FALSE,TRUE,"atlanta, ga",english,eastern time (us & canada),12/27/2014,12/27/2014 8:26,2944766250,TRUE
285,todaymiami,miami today,"miami's local news on twitter. breaking news, sports, events  and international news. tweet us or dm",18832,8218,3,9705,117,FALSE,FALSE,TRUE,"miami, fl",english,eastern time (us & canada),12/27/2014,12/27/2014 10:32,2944944427,TRUE
286,entatjanamax,tatiana maksimova,i'm scandinavian traveller and blogger.also i write about politics eu.,609,6946,14349,2326,50,FALSE,,,"brussel, belgië",russian,volgograd,3/9/2015,3/9/2015 18:17,3070151882,TRUE
287,oaklandonline,oakland online,"breaking news, weather, traffic and more for oakland. dm us anytime. rts not endorsements",12147,14867,0,10232,183,FALSE,FALSE,TRUE,"oakland, ca",english,pacific time (us & canada),3/11/2015,3/11/2015 22:07,3074013672,TRUE
288,jacksoncitypost,jackson city post,#cityofjackson #jackson #usa #america #us,2643,6308,0,2074,56,FALSE,,,"jackson, ms",english,eastern time (us & canada),3/9/2015,3/9/2015 6:35,3081110164,TRUE
289,kelvsok,kelvin sok,i like to go to parties and talk about memes,0,165,8,1,0,FALSE,,,"new york, ny",english,eastern time (us & canada),3/16/2015,3/16/2015 2:23,3092302720,TRUE
290,nataturn,nataly turner,,6,173,1,15,1,FALSE,,,"new york, ny",english,eastern time (us & canada),3/20/2015,3/20/2015 2:37,3098232473,TRUE
291,novostidamask,??????? ???????,,20247,8500,3,2784,237,FALSE,,,,russian,volgograd,9/30/2015,9/30/2015 13:21,3824403809,TRUE
292,patriototus,being patriotic,"being patriotic means love or devotion to your homeland and readiness to defend it from any harm. united we stand, divided we fall.conservative politics. #pjnet",11811,1706,2011,9265,58,FALSE,,,"texas, usa",english,eastern time (us & canada),10/21/2015,10/21/2015 13:27,3969530725,TRUE
293,patriot_archive,patriot archive,american history in quotes & videos. mostly politics.,7669,609,269,7109,35,FALSE,,,,english,pacific time (us & canada),11/3/2015,11/3/2015 7:44,4103087435,TRUE
294,missourinewsus,people for justice!,#neverhillary,5550,1407,143,5377,84,FALSE,,,,english,pacific time (us & canada),11/17/2015,11/17/2015 9:29,4208754922,TRUE
295,luke_jones13,luke jones,a silent american patriot who was awoken by donald trump’s call to make america great again.,2960,286,15,1693,12,FALSE,,,,english,pacific time (us & canada),11/17/2015,11/17/2015 12:39,4209684039,TRUE
296,realten_gop,,,,,,,,,,,,,,,,4224912857,TRUE
297,march_for_trump,,,,,,,,,,,,,,,,7.3742E+17,TRUE
298,nj_blacknews,new jersey black,latest and most important news about new jersey black community,2820,451,40,1890,44,FALSE,FALSE,TRUE,"new jersey, usa",english,pacific time (us & canada),11/20/2015,11/20/2015 10:38,4233777387,TRUE
299,redlanews,red louisiana news,conservative; right and proud; christian. love my country and will stand against liberals and socialists.,9767,1530,360,8729,48,FALSE,,,"lafayette, la",english,pacific time (us & canada),11/19/2015,11/19/2015 11:53,4289431230,TRUE
300,blacneighbor,telah blac,,2458,1179,74,2176,40,FALSE,,,,english,pacific time (us & canada),11/19/2015,11/19/2015 12:39,4289925109,TRUE
301,jeblary2016,jeblary bushton,2016 us presidential candidate,8462,1176,0,6347,115,FALSE,,,,english,pacific time (us & canada),11/27/2015,11/27/2015 20:33,4299815909,TRUE
302,muslims_in_usa,american muslims,,2471,649,107,1787,11,FALSE,,,,english,pacific time (us & canada),1/13/2016,1/13/2016 15:18,4795201707,TRUE
303,oooonlyone,???????,,112,1205,721,150,2,FALSE,,,,russian,baku,3/26/2014,3/26/2014 18:11,2438338479,TRUE
304,ostrovofficer,??????,? ??????? (?????? ?????? ??? ?????? ???????),241,1616,2929,310,3,FALSE,,,??????,russian,moscow,5/16/2014,5/16/2014 9:48,2498181012,TRUE
305,dannymaslov,?????? ??????,"????? ??????, ????? ?? ????????? #hcska",149,376,313,643,1,FALSE,,,"saint petersburg, russia",russian,baku,4/29/2014,4/29/2014 14:37,2516933027,TRUE
306,gffgfsfgfsdffjj,newtime,,152,828,1844,249,8,FALSE,,,,russian,volgograd,5/4/2014,5/4/2014 18:24,2528799640,TRUE
307,oh_frida,?????,"??? ?????? ?????? ?????, ? ??? ??????? ????? ?????????? ?? ????, ????? ?????????.",95,1703,3057,120,1,FALSE,,,,russian,volgograd,5/9/2014,5/9/2014 10:29,2536836075,TRUE
308,shocko_10,stuart o'shaughnessy,,79,1914,422,216,3,FALSE,,,,english,,6/3/2014,6/3/2014 21:00,2544279414,TRUE
309,horrorki,??????,"???????? ????, ????? ????????, ??????????????, ????????? ?????????, ?? ?????????????, ???????",84,1778,2096,343,1,FALSE,,,,russian,volgograd,6/14/2014,6/14/2014 23:33,2567949836,TRUE
310,mikkyrurk,????? ?????????,ha ha ha ha ha ha ha ha,76,1433,2655,34,3,FALSE,,,,russian,moscow,6/20/2014,6/20/2014 8:34,2578327831,TRUE
311,zistti,??? ????,??????? ??????.,76,1463,2178,323,1,FALSE,,,,russian,volgograd,6/20/2014,6/20/2014 16:02,2578879620,TRUE
312,lysikvinkova,????? ???????,??????????,2347,636,720,49,0,FALSE,,,????????,russian,moscow,6/20/2014,6/20/2014 18:20,2579089021,TRUE
313,arkadii_trofim,??????? ????????,"????? ????? ? ?????? ? ?? ?????, ?? ? ????? ??? ??????...",2096,1549,1089,261,4,FALSE,,,?????????,russian,volgograd,6/22/2014,6/22/2014 18:10,2582643409,TRUE
314,lila_gorila,???? ??????,"? ?? ????? ?????????? ????????, ?????? ?? ?????????-???",85,1884,2634,251,0,FALSE,,,??????,russian,volgograd,6/24/2014,6/24/2014 19:44,2586251828,TRUE
315,maxdementiev,?????? ?????????,??? ?? ??? ?????,98412,30624,3619,94,166,FALSE,,,,russian,yerevan,9/14/2014,9/14/2014 6:20,2808833544,TRUE
316,yattvrussia,??? ??,?????? ??????????????? ? ?????? ??????????? ??????????.,289,378,496,502,5,FALSE,,,?????-?????????,russian,,1/22/2015,1/22/2015 13:49,2992047969,TRUE
317,leecory,olga,here i am~,14,219,0,6,0,FALSE,,,st-petersburg,russian,st. petersburg,5/9/2009,5/9/2009 15:58,38875764,TRUE
318,maksblaginin,?????? ????????,???? ??? ????? ????? ? ????? ???????????????? ? ??? ??? ??????.,4749,223,65,84,1,FALSE,,,????,russian,moscow,4/30/2014,4/30/2014 19:27,2519634855,TRUE
319,tebepizdec,???? ??????,??? ?????? ??????/18+/???????,6360,1325,292,1265,12,FALSE,,,,russian,eastern time (us & canada),5/3/2014,5/3/2014 14:55,2525622731,TRUE
320,krasilnikovbor,????? ????????????,"?????? ????????? ?? ????????? ??????? ? ????????? ?????? ? ???????????? ??????? ???? ????? ????????, ??? ?????? ???????????",329,287,167,264,15,FALSE,,,"??????, ??????",russian,volgograd,5/6/2014,5/6/2014 8:28,2532553697,TRUE
321,banttanantta,bantta,"? ???? ???? ? ??????,? ?????? ? ????? ?????",94,119,175,278,0,FALSE,,,,russian,moscow,5/9/2014,5/9/2014 15:34,2537243471,TRUE
322,rogovilia,???? ?????,"?????????????? ???????? ????????? ?????, ??????????? ???? ??????? ??????????? ????????",2305,208,31,52,0,FALSE,,,??????,russian,volgograd,5/12/2014,5/12/2014 12:09,2542876557,TRUE
323,krustyps,?????? ????,,186,63,73,323,0,FALSE,,,?????? ??????,russian,volgograd,6/20/2014,6/20/2014 23:02,2579368386,TRUE
324,policestateme,policestate,,1468,611,58,2092,10,FALSE,,,,english,pacific time (us & canada),9/10/2015,9/10/2015 10:48,3608261007,TRUE
325,mideastview,????? ????? ?? ?????,#????? ????? ????? ??? ????? ?????? ?? #?????,2933,10983,4,1655,3,FALSE,,,,english,muscat,10/8/2015,10/8/2015 14:34,3900319276,TRUE
326,anzgri,???????? ??????,?????.,1267,61735,75,36,111,FALSE,,,,russian,moscow,11/5/2009,11/5/2009 1:44,87588938,TRUE
327,lynsrodriguez,lindsey rodriguez,amateur travel fanatic,785,1189,629,1015,14,FALSE,,,,english,eastern time (us & canada),6/10/2013,6/10/2013 4:06,1497280638,TRUE
328,meggieoneil,meggie o'neil,love yourself or no one will love you,955,1594,1572,2020,13,FALSE,,,portland,english,eastern time (us & canada),7/27/2013,7/27/2013 17:56,1625965398,TRUE
329,edmundrjr,edmund ragland,"eat,sleep,bleed music. brooklyn bred, home fed. talk shit at your own risk!! welcome to the danger zone.",536,1087,863,588,5,FALSE,,,"brooklyn, ny",english,eastern time (us & canada),8/26/2013,8/26/2013 10:32,1701582961,TRUE
330,margoberoeva,????????? ???????,???? ??????? ?? ??????? ????,285,6109,846,251,4,FALSE,,,??????,russian,nairobi,3/23/2014,3/23/2014 18:39,2431598206,TRUE
331,donnielmiller,donna miller,stars are mine,1363,2094,1239,2565,20,FALSE,,,la,english,eastern time (us & canada),5/9/2014,5/9/2014 16:45,2537357265,TRUE
332,heyitsglor,gloris glaze,what's up?,74,14,14,206,0,FALSE,,,united states,english,eastern time (us & canada),6/2/2014,6/2/2014 9:33,2541109454,TRUE
333,riafanru,??? ???,?????????: https://vk.com/riafanfacebook: https://www.facebook.com/riafanru?????????????: http://ok.ru/fannews,11370,57212,0,2908,80,FALSE,,,??????,russian,minsk,6/16/2014,6/16/2014 9:08,2570574680,TRUE
334,zubovnik,??????? ?????,????????? ? ??????,26002,19641,410,657,155,FALSE,,,??????,russian,volgograd,6/26/2014,6/26/2014 12:46,2589513234,TRUE
335,pigeontoday,pigeon today,"america’s weakest primetime lineup anywhere! follow merica's #1 cable news network, delivering you breaking news, insightful analysis, and must-see memes.",29524,15665,1344,21248,240,FALSE,,,united states,english,eastern time (us & canada),12/9/2014,12/9/2014 13:45,2912754262,TRUE
336,mbrownhere,malcolm,,19,119,154,237,1,FALSE,,,,english,,6/5/2015,6/5/2015 6:17,3308949087,TRUE
337,instotus,instotus,"this is a community for everyone whose heart is with america. don't be a stranger, be a patriot! follow us!",4516,581,613,4741,23,FALSE,,,,english,pacific time (us & canada),10/23/2015,10/23/2015 8:37,3989295372,TRUE
338,globalfoe,global enemy,designed at unveiling roots of failed attempts to solve global problems #seeglobalfoe,1294,493,198,2797,28,FALSE,,,cosmopolitanism,english,pacific time (us & canada),12/11/2015,12/11/2015 3:30,4444330996,TRUE
339,chrisuport_port,chris port,"tierarzt;mag cauntrymusic und basketball; politikaktiv, hashtag-spieler. hat 2 tochter und 3 enkel",3178,741,3005,3866,29,FALSE,,,"hessen, deutschland",german,berlin,5/19/2016,5/19/2016 12:29,7.33273E+17,TRUE
340,darrell_h_hunt,darrell hunt,,1,1,0,46,0,FALSE,,,,english,,7/12/2016,7/12/2016 20:38,7.52965E+17,TRUE
341,margarethkurz,margareth kurz,,6,250,21,136,2,FALSE,,,,german,bern,7/13/2016,7/13/2016 13:10,7.53215E+17,TRUE
342,sternandreas404,andreas stern,,17,253,28,149,2,FALSE,,,,german,madrid,7/5/2016,7/5/2016 16:35,7.50368E+17,TRUE
343,whitehousecards,????????? ?????,"«? ?????? ??????, ??? ?????? ?????? ?????, ?? ????? ??????? ?? ???????, ?????? ?????? ???????????? ??????»",9426,385,0,3047,10,FALSE,,,"washington, dc",russian,moscow,5/13/2016,5/13/2016 14:05,7.31123E+17,TRUE
344,arseni_roman,??????? ??? ?????,? ???? ?????? ???? ?? ????????.,72,1281,3234,241,4,FALSE,,,,russian,moscow,3/22/2014,3/22/2014 19:35,2429465939,TRUE
345,bratuha_borcuha,?????? ???? ??????,,90,1131,2048,226,1,FALSE,,,,russian,moscow,5/7/2014,5/7/2014 12:57,2482076083,TRUE
346,bydrbre_,????? ????????,?????-????????.  #????????????? ????? ? ????.       ?? ?????????!????? ????????? - http://vk.com/bydrbre,14353,1035,96,6565,19,FALSE,,,,russian,moscow,5/26/2016,5/26/2016 11:10,7.3579E+17,TRUE
347,erdollum,erdollum,"keiner kann uns verbieten, uns so zu äußern, wie wir es wollen! wir sind für die meinungsfreiheit!",5811,2556,2986,4845,45,FALSE,,,,german,berlin,4/22/2016,4/22/2016 8:55,7.23435E+17,TRUE
348,inspectan,???????,????? ?? ?????? ????????,129,950,1590,211,4,FALSE,,,??????,russian,volgograd,6/25/2014,6/25/2014 22:18,2588336851,TRUE
349,internalmemer,markiya,sour. salty. bitter.,92,3871,17113,74,3,FALSE,,,the corner of happy & healthy,english,,6/27/2016,6/27/2016 8:22,7.47344E+17,TRUE
350,krivelev_law,psycho,"???? ???? ?????????? ?????, ?? ? ???????????",115,646,1214,371,3,FALSE,,,,russian,moscow,4/29/2014,4/29/2014 6:33,2516294981,TRUE
351,med_harley,???? ?????,,88,1321,1461,518,0,FALSE,,,,russian,volgograd,6/12/2014,6/12/2014 9:21,2563075183,TRUE
352,milimillennium,?????????,???? ???????? ?? ???????:1. ???????? ????2. ???? ?????,88,1807,2450,108,0,FALSE,,,,russian,volgograd,6/19/2014,6/19/2014 16:41,2577151334,TRUE
353,mrservelat,??????,?????? ???????,98,1564,2491,240,0,FALSE,,,,russian,moscow,4/30/2014,4/30/2014 15:34,2519246716,TRUE
354,nana_lama,???? ????,"?? ???? ???? ?? ??????, ? ????? ??????.",140,1727,2698,430,2,FALSE,,,??????,russian,volgograd,5/3/2014,5/3/2014 13:40,2525491683,TRUE
355,politopros,??????????,?????????????? ???????????????? ??????? ??? ?????????? ?????????? 1600 ???????,19678,653,13,3695,48,FALSE,,,,russian,moscow,5/7/2014,5/7/2014 20:12,2534367226,TRUE
356,shikarnoel,????????,"?????? ?? ????, ??????? ??? ????????, ????? ??????? ??? ??????",87,1288,1790,349,2,FALSE,,,????,russian,volgograd,6/18/2014,6/18/2014 23:01,2575626468,TRUE
357,ttlenlen,?????&??????,,120,2040,2678,115,0,FALSE,,,???,russian,moscow,4/23/2014,4/23/2014 18:33,2504601561,TRUE
358,worldnewspoli,worldnewspolitics,"all major information policy in the world, we are ready to give you the most accurate and timely information in the field of politics and economics",1957,638,0,4755,4,FALSE,,,estados unidos,spanish,,10/21/2016,10/21/2016 0:44,7.89266E+17,TRUE
359,4ever1937,19:37,"????? ???????: ????, ???????. ??? ??? ????? ?? ??????????",4476,33,21,380,0,FALSE,,,,russian,,7/1/2016,7/1/2016 13:26,7.4887E+17,TRUE
360,andreaseulitz,andreas eulitz,,9,98,46,95,1,FALSE,,,,german,london,7/6/2016,7/6/2016 12:58,7.50675E+17,TRUE
361,angela_lattke,angela lattke,#usa and #deutdchland - friends 4rever! #ttip,14,231,59,90,1,FALSE,,,,german,bern,7/12/2016,7/12/2016 11:19,7.52825E+17,TRUE
362,berkhoff85,nils berkhoff,"ich  interessiere mich für #politik, #spd, #wirtschaft und internationale beziehungen. in der freizeit spiele ich fußball und bin mit meiner familie gern.",1753,1041,816,3179,30,FALSE,,,"berlin, deutschland",german,berlin,3/29/2016,3/29/2016 7:48,7.14721E+17,TRUE
363,berlinbote,berlin bote,,8,6804,0,0,7,FALSE,,,,german,bern,4/27/2016,4/27/2016 12:48,7.25306E+17,TRUE
364,blacktivists,blacktivist,non-governmental organization (ngo),2404,710,21,1424,36,FALSE,,,,english,pacific time (us & canada),4/10/2016,4/10/2016 21:25,7.19275E+17,TRUE
365,briys_valera,??????? ???????,"?????? ????, ? ?? ??, ??? ???????.",91,1078,498,53,0,FALSE,,,"moscow, russia",english,baku,3/11/2014,3/11/2014 9:47,2401770593,TRUE
366,chaneutral,chaotic neutral,what makes a man turn neutral... lust for gold? power? or were you just born with a heart full of neutrality?,1,16,0,55,0,FALSE,,,united states,english,,7/31/2016,7/31/2016 18:56,7.59825E+17,TRUE
367,fischermaria933,maria fischer,,17,217,135,75,1,FALSE,,,,german,berlin,7/12/2016,7/12/2016 13:53,7.52864E+17,TRUE
368,georevieweurope,geo review,,37,16,3,281,0,FALSE,,,,english,pacific time (us & canada),7/22/2016,7/22/2016 18:17,7.56554E+17,TRUE
369,gorelkinnn,???? ???? ??????,???????? ?????? ?????????,98,999,2029,340,1,FALSE,,,??????,russian,moscow,6/26/2014,6/26/2014 3:43,2588788573,TRUE
370,inst_vets,instvets,,2618,184,3,4244,13,FALSE,,,,english,,2/27/2016,2/27/2016 19:58,7.0367E+17,TRUE
371,jihadist2ndwife,jihadist wife,wife of an isis terrorist. enjoying submission to my husband and absence of women rights.   this is satirical account not connected with isis!,5081,1071,1036,3797,51,FALSE,,,islamic states of america,english,pacific time (us & canada),4/10/2016,4/10/2016 21:49,7.19281E+17,TRUE
372,jorda_morgan,?????? ??????,? ????? ?????? ?????? ?????...???? ??????.???? ??????????.,67,738,1371,104,0,FALSE,,,,russian,volgograd,6/7/2014,6/7/2014 15:13,2589592793,TRUE
373,lgbtuni,lgbt united,we speak for all fellow members of lgbt community across the nation.gender preference does not define you. your spirit defines you.,338,453,0,262,3,FALSE,,,,english,,7/12/2016,7/12/2016 21:09,7.52973E+17,TRUE
374,lmarinays,linaluna,???,785,9394,627,202,3,FALSE,,,,russian,volgograd,3/24/2012,3/24/2012 20:41,535690498,TRUE
375,lukas_rosler,lukas rösler,,1217,1212,1270,3067,14,FALSE,,,,german,berlin,4/4/2016,4/4/2016 9:23,7.16919E+17,TRUE
376,maximgaron1,maxime garon,"né à #paris, je m'interesse des affaires étrangères. tu peux trouver ici les #nouvelles récentes, n'hésitez pas à partager vos pensées. #syrie",82,1024,31,522,1,FALSE,,,paris,french,paris,10/9/2015,10/9/2015 7:46,3906961827,TRUE
377,mmmdarya,darya medovaya,,3263,248,249,380,0,FALSE,,,,russian,pacific time (us & canada),8/11/2016,8/11/2016 9:16,7.63665E+17,TRUE
378,moda_barina,?????-??????,"???????, ?????, ?????????",74,862,1594,52,0,FALSE,,,,russian,volgograd,5/6/2014,5/6/2014 15:30,2533095573,TRUE
379,mtthsberger,matthias berger,"fauler student, ich studiere wirtschaftsinformatik, spiele in der freizeit  tennis und spaziere mit meinen freunden gern",980,1135,2113,2966,23,FALSE,,,,german,berlin,4/8/2016,4/8/2016 7:33,7.18341E+17,TRUE
380,mwiqcen,????????,"? ?? ????? ?????????, ?? ?????? ????!",244,1291,2461,257,3,FALSE,,,,russian,volgograd,5/13/2014,5/13/2014 16:22,2545365862,TRUE
381,peeonhillary,$10 challenge,print hillary's face  pee on it  send us proofs  earn money https://imgur.com/a/3p8eo,30,4,0,1510,0,FALSE,,,united states,english,pacific time (us & canada),6/30/2016,6/30/2016 10:35,7.48465E+17,TRUE
382,peterkistner,peter kistner,,52,248,32,632,2,FALSE,,,,german,berlin,7/5/2016,7/5/2016 15:09,7.50346E+17,TRUE
383,rus_in_usa,??????? ? ???????,,5,13,0,18,2,FALSE,,,,russian,,8/9/2016,8/9/2016 9:46,7.62948E+17,TRUE
384,schultei2,ingrid schulte,ich glaube an gerechtigkeit seit dem 22. november 2005,10,244,71,100,2,FALSE,,,,german,berlin,7/12/2016,7/12/2016 9:08,7.52792E+17,TRUE
385,sonderkatharina,katharina sonder,ich studiere bwl und mag reisen!,26,393,108,210,1,FALSE,,,,german,berlin,7/12/2016,7/12/2016 13:39,7.5286E+17,TRUE
386,tinatkurtz1222,tina kurtz,,7,134,77,55,0,FALSE,,,,german,bern,7/12/2016,7/12/2016 15:06,7.52882E+17,TRUE
387,ttsvetkov,timofey tsvetkov,?????? ????,3216,2271,2812,405,0,FALSE,,,st/petersburg,english,,7/4/2016,7/4/2016 15:36,7.4999E+17,TRUE
388,williams8kalvin,williams&kalvin,videoblog about social issues. subscribe to our youtube channel!,740,326,32,599,9,FALSE,,,,english,,2/26/2016,2/26/2016 18:51,7.03291E+17,TRUE
389,williams_diana_,diana williams,american. conservative. woman.,1973,170,0,4468,10,FALSE,,,,english,pacific time (us & canada),2/26/2016,2/26/2016 19:38,7.03303E+17,TRUE
390,joachimbuchwitz,joachim buchwitz,,1,5,13,50,0,FALSE,,,,german,berlin,7/12/2016,7/12/2016 12:59,7.5285E+17,TRUE
391,klara_sauber,klara sauber,,25,11,12,192,0,FALSE,,,,german,bern,7/6/2016,7/6/2016 11:43,7.50656E+17,TRUE
392,marianeuberg1,maria neuberg,,8,15,11,100,0,FALSE,,,,german,bern,7/4/2016,7/4/2016 11:42,7.49931E+17,TRUE
